{"cameraMode":{"drawMode":0,"name":"Shaded","section":"Shading Mode"},"sceneLighting":false,"audioPlay":false,"sceneViewState":{"showFog":true,"showMaterialUpdate":false,"showSkybox":true,"showFlares":true,"showImageEffects":true,"showParticleSystems":true},"in2DMode":false,"pivot":{"x":0.34062767028808596,"y":0.9144538044929504,"z":6.0199713706970219},"rotation":{"x":-0.011961518786847592,"y":-0.9724472165107727,"z":0.05141298845410347,"w":-0.22717943787574769},"size":8.242206573486329,"orthographic":false}