{"cameraMode":{"drawMode":0,"name":"Shaded","section":"Shading Mode"},"sceneLighting":false,"audioPlay":false,"sceneViewState":{"showFog":true,"showMaterialUpdate":false,"showSkybox":false,"showFlares":true,"showImageEffects":true,"showParticleSystems":true},"in2DMode":false,"pivot":{"x":-3.4260549545288088,"y":-1.1181219816207886,"z":-10.26346492767334},"rotation":{"x":-0.004393677227199078,"y":0.995092511177063,"z":-0.08409503847360611,"w":-0.05199001356959343},"size":29.24074935913086,"orthographic":false}